"GEO_ID","NAME","DATE_CODE","POP"
"id","Geographic Area Name","Estimate Date","Population"
"0400000US01","Alabama","4/1/2010 Census population","4779736"
"0400000US01","Alabama","4/1/2010 population estimates base","4780125"
"0400000US01","Alabama","7/1/2010 population estimate","4785437"
"0400000US01","Alabama","7/1/2011 population estimate","4799069"
"0400000US01","Alabama","7/1/2012 population estimate","4815588"
"0400000US01","Alabama","7/1/2013 population estimate","4830081"
"0400000US01","Alabama","7/1/2014 population estimate","4841799"
"0400000US01","Alabama","7/1/2015 population estimate","4852347"
"0400000US01","Alabama","7/1/2016 population estimate","4863525"
"0400000US01","Alabama","7/1/2017 population estimate","4874486"
"0400000US01","Alabama","7/1/2018 population estimate","4887681"
"0400000US01","Alabama","7/1/2019 population estimate","4903185"
"0400000US02","Alaska","4/1/2010 Census population","710231"
"0400000US02","Alaska","4/1/2010 population estimates base","710249"
"0400000US02","Alaska","7/1/2010 population estimate","713910"
"0400000US02","Alaska","7/1/2011 population estimate","722128"
"0400000US02","Alaska","7/1/2012 population estimate","730443"
"0400000US02","Alaska","7/1/2013 population estimate","737068"
"0400000US02","Alaska","7/1/2014 population estimate","736283"
"0400000US02","Alaska","7/1/2015 population estimate","737498"
"0400000US02","Alaska","7/1/2016 population estimate","741456"
"0400000US02","Alaska","7/1/2017 population estimate","739700"
"0400000US02","Alaska","7/1/2018 population estimate","735139"
"0400000US02","Alaska","7/1/2019 population estimate","731545"
"0400000US04","Arizona","4/1/2010 Census population","6392017"
"0400000US04","Arizona","4/1/2010 population estimates base","6392288"
"0400000US04","Arizona","7/1/2010 population estimate","6407172"
"0400000US04","Arizona","7/1/2011 population estimate","6472643"
"0400000US04","Arizona","7/1/2012 population estimate","6554978"
"0400000US04","Arizona","7/1/2013 population estimate","6632764"
"0400000US04","Arizona","7/1/2014 population estimate","6730413"
"0400000US04","Arizona","7/1/2015 population estimate","6829676"
"0400000US04","Arizona","7/1/2016 population estimate","6941072"
"0400000US04","Arizona","7/1/2017 population estimate","7044008"
"0400000US04","Arizona","7/1/2018 population estimate","7158024"
"0400000US04","Arizona","7/1/2019 population estimate","7278717"
"0400000US05","Arkansas","4/1/2010 Census population","2915918"
"0400000US05","Arkansas","4/1/2010 population estimates base","2916031"
"0400000US05","Arkansas","7/1/2010 population estimate","2921964"
"0400000US05","Arkansas","7/1/2011 population estimate","2940667"
"0400000US05","Arkansas","7/1/2012 population estimate","2952164"
"0400000US05","Arkansas","7/1/2013 population estimate","2959400"
"0400000US05","Arkansas","7/1/2014 population estimate","2967392"
"0400000US05","Arkansas","7/1/2015 population estimate","2978048"
"0400000US05","Arkansas","7/1/2016 population estimate","2989918"
"0400000US05","Arkansas","7/1/2017 population estimate","3001345"
"0400000US05","Arkansas","7/1/2018 population estimate","3009733"
"0400000US05","Arkansas","7/1/2019 population estimate","3017804"
"0400000US06","California","4/1/2010 Census population","37253956"
"0400000US06","California","4/1/2010 population estimates base","37254519"
"0400000US06","California","7/1/2010 population estimate","37319502"
"0400000US06","California","7/1/2011 population estimate","37638369"
"0400000US06","California","7/1/2012 population estimate","37948800"
"0400000US06","California","7/1/2013 population estimate","38260787"
"0400000US06","California","7/1/2014 population estimate","38596972"
"0400000US06","California","7/1/2015 population estimate","38918045"
"0400000US06","California","7/1/2016 population estimate","39167117"
"0400000US06","California","7/1/2017 population estimate","39358497"
"0400000US06","California","7/1/2018 population estimate","39461588"
"0400000US06","California","7/1/2019 population estimate","39512223"
"0400000US08","Colorado","4/1/2010 Census population","5029196"
"0400000US08","Colorado","4/1/2010 population estimates base","5029319"
"0400000US08","Colorado","7/1/2010 population estimate","5047349"
"0400000US08","Colorado","7/1/2011 population estimate","5121108"
"0400000US08","Colorado","7/1/2012 population estimate","5192647"
"0400000US08","Colorado","7/1/2013 population estimate","5269035"
"0400000US08","Colorado","7/1/2014 population estimate","5350101"
"0400000US08","Colorado","7/1/2015 population estimate","5450623"
"0400000US08","Colorado","7/1/2016 population estimate","5539215"
"0400000US08","Colorado","7/1/2017 population estimate","5611885"
"0400000US08","Colorado","7/1/2018 population estimate","5691287"
"0400000US08","Colorado","7/1/2019 population estimate","5758736"
"0400000US09","Connecticut","4/1/2010 Census population","3574097"
"0400000US09","Connecticut","4/1/2010 population estimates base","3574147"
"0400000US09","Connecticut","7/1/2010 population estimate","3579114"
"0400000US09","Connecticut","7/1/2011 population estimate","3588283"
"0400000US09","Connecticut","7/1/2012 population estimate","3594547"
"0400000US09","Connecticut","7/1/2013 population estimate","3594841"
"0400000US09","Connecticut","7/1/2014 population estimate","3594524"
"0400000US09","Connecticut","7/1/2015 population estimate","3587122"
"0400000US09","Connecticut","7/1/2016 population estimate","3578141"
"0400000US09","Connecticut","7/1/2017 population estimate","3573297"
"0400000US09","Connecticut","7/1/2018 population estimate","3571520"
"0400000US09","Connecticut","7/1/2019 population estimate","3565287"
"0400000US10","Delaware","4/1/2010 Census population","897934"
"0400000US10","Delaware","4/1/2010 population estimates base","897937"
"0400000US10","Delaware","7/1/2010 population estimate","899593"
"0400000US10","Delaware","7/1/2011 population estimate","907381"
"0400000US10","Delaware","7/1/2012 population estimate","915179"
"0400000US10","Delaware","7/1/2013 population estimate","923576"
"0400000US10","Delaware","7/1/2014 population estimate","932487"
"0400000US10","Delaware","7/1/2015 population estimate","941252"
"0400000US10","Delaware","7/1/2016 population estimate","948921"
"0400000US10","Delaware","7/1/2017 population estimate","956823"
"0400000US10","Delaware","7/1/2018 population estimate","965479"
"0400000US10","Delaware","7/1/2019 population estimate","973764"
"0400000US11","District of Columbia","4/1/2010 Census population","601723"
"0400000US11","District of Columbia","4/1/2010 population estimates base","601767"
"0400000US11","District of Columbia","7/1/2010 population estimate","605226"
"0400000US11","District of Columbia","7/1/2011 population estimate","619800"
"0400000US11","District of Columbia","7/1/2012 population estimate","634924"
"0400000US11","District of Columbia","7/1/2013 population estimate","650581"
"0400000US11","District of Columbia","7/1/2014 population estimate","662328"
"0400000US11","District of Columbia","7/1/2015 population estimate","675400"
"0400000US11","District of Columbia","7/1/2016 population estimate","685815"
"0400000US11","District of Columbia","7/1/2017 population estimate","694906"
"0400000US11","District of Columbia","7/1/2018 population estimate","701547"
"0400000US11","District of Columbia","7/1/2019 population estimate","705749"
"0400000US12","Florida","4/1/2010 Census population","18801310"
"0400000US12","Florida","4/1/2010 population estimates base","18804564"
"0400000US12","Florida","7/1/2010 population estimate","18845537"
"0400000US12","Florida","7/1/2011 population estimate","19053237"
"0400000US12","Florida","7/1/2012 population estimate","19297822"
"0400000US12","Florida","7/1/2013 population estimate","19545621"
"0400000US12","Florida","7/1/2014 population estimate","19845911"
"0400000US12","Florida","7/1/2015 population estimate","20209042"
"0400000US12","Florida","7/1/2016 population estimate","20613477"
"0400000US12","Florida","7/1/2017 population estimate","20963613"
"0400000US12","Florida","7/1/2018 population estimate","21244317"
"0400000US12","Florida","7/1/2019 population estimate","21477737"
"0400000US13","Georgia","4/1/2010 Census population","9687653"
"0400000US13","Georgia","4/1/2010 population estimates base","9688729"
"0400000US13","Georgia","7/1/2010 population estimate","9711881"
"0400000US13","Georgia","7/1/2011 population estimate","9802431"
"0400000US13","Georgia","7/1/2012 population estimate","9901430"
"0400000US13","Georgia","7/1/2013 population estimate","9972479"
"0400000US13","Georgia","7/1/2014 population estimate","10067278"
"0400000US13","Georgia","7/1/2015 population estimate","10178447"
"0400000US13","Georgia","7/1/2016 population estimate","10301890"
"0400000US13","Georgia","7/1/2017 population estimate","10410330"
"0400000US13","Georgia","7/1/2018 population estimate","10511131"
"0400000US13","Georgia","7/1/2019 population estimate","10617423"
"0400000US15","Hawaii","4/1/2010 Census population","1360301"
"0400000US15","Hawaii","4/1/2010 population estimates base","1360307"
"0400000US15","Hawaii","7/1/2010 population estimate","1363963"
"0400000US15","Hawaii","7/1/2011 population estimate","1379329"
"0400000US15","Hawaii","7/1/2012 population estimate","1394804"
"0400000US15","Hawaii","7/1/2013 population estimate","1408243"
"0400000US15","Hawaii","7/1/2014 population estimate","1414538"
"0400000US15","Hawaii","7/1/2015 population estimate","1422052"
"0400000US15","Hawaii","7/1/2016 population estimate","1427559"
"0400000US15","Hawaii","7/1/2017 population estimate","1424393"
"0400000US15","Hawaii","7/1/2018 population estimate","1420593"
"0400000US15","Hawaii","7/1/2019 population estimate","1415872"
"0400000US16","Idaho","4/1/2010 Census population","1567582"
"0400000US16","Idaho","4/1/2010 population estimates base","1567657"
"0400000US16","Idaho","7/1/2010 population estimate","1570746"
"0400000US16","Idaho","7/1/2011 population estimate","1583910"
"0400000US16","Idaho","7/1/2012 population estimate","1595324"
"0400000US16","Idaho","7/1/2013 population estimate","1611206"
"0400000US16","Idaho","7/1/2014 population estimate","1631112"
"0400000US16","Idaho","7/1/2015 population estimate","1651059"
"0400000US16","Idaho","7/1/2016 population estimate","1682380"
"0400000US16","Idaho","7/1/2017 population estimate","1717715"
"0400000US16","Idaho","7/1/2018 population estimate","1750536"
"0400000US16","Idaho","7/1/2019 population estimate","1787065"
"0400000US17","Illinois","4/1/2010 Census population","12830632"
"0400000US17","Illinois","4/1/2010 population estimates base","12831572"
"0400000US17","Illinois","7/1/2010 population estimate","12840503"
"0400000US17","Illinois","7/1/2011 population estimate","12867454"
"0400000US17","Illinois","7/1/2012 population estimate","12882510"
"0400000US17","Illinois","7/1/2013 population estimate","12895129"
"0400000US17","Illinois","7/1/2014 population estimate","12884493"
"0400000US17","Illinois","7/1/2015 population estimate","12858913"
"0400000US17","Illinois","7/1/2016 population estimate","12820527"
"0400000US17","Illinois","7/1/2017 population estimate","12778828"
"0400000US17","Illinois","7/1/2018 population estimate","12723071"
"0400000US17","Illinois","7/1/2019 population estimate","12671821"
"0400000US18","Indiana","4/1/2010 Census population","6483802"
"0400000US18","Indiana","4/1/2010 population estimates base","6484051"
"0400000US18","Indiana","7/1/2010 population estimate","6490432"
"0400000US18","Indiana","7/1/2011 population estimate","6516528"
"0400000US18","Indiana","7/1/2012 population estimate","6537703"
"0400000US18","Indiana","7/1/2013 population estimate","6568713"
"0400000US18","Indiana","7/1/2014 population estimate","6593644"
"0400000US18","Indiana","7/1/2015 population estimate","6608422"
"0400000US18","Indiana","7/1/2016 population estimate","6634304"
"0400000US18","Indiana","7/1/2017 population estimate","6658078"
"0400000US18","Indiana","7/1/2018 population estimate","6695497"
"0400000US18","Indiana","7/1/2019 population estimate","6732219"
"0400000US19","Iowa","4/1/2010 Census population","3046355"
"0400000US19","Iowa","4/1/2010 population estimates base","3046871"
"0400000US19","Iowa","7/1/2010 population estimate","3050745"
"0400000US19","Iowa","7/1/2011 population estimate","3066336"
"0400000US19","Iowa","7/1/2012 population estimate","3076190"
"0400000US19","Iowa","7/1/2013 population estimate","3092997"
"0400000US19","Iowa","7/1/2014 population estimate","3109350"
"0400000US19","Iowa","7/1/2015 population estimate","3120960"
"0400000US19","Iowa","7/1/2016 population estimate","3131371"
"0400000US19","Iowa","7/1/2017 population estimate","3141550"
"0400000US19","Iowa","7/1/2018 population estimate","3148618"
"0400000US19","Iowa","7/1/2019 population estimate","3155070"
"0400000US20","Kansas","4/1/2010 Census population","2853118"
"0400000US20","Kansas","4/1/2010 population estimates base","2853123"
"0400000US20","Kansas","7/1/2010 population estimate","2858190"
"0400000US20","Kansas","7/1/2011 population estimate","2869225"
"0400000US20","Kansas","7/1/2012 population estimate","2885257"
"0400000US20","Kansas","7/1/2013 population estimate","2893212"
"0400000US20","Kansas","7/1/2014 population estimate","2900475"
"0400000US20","Kansas","7/1/2015 population estimate","2909011"
"0400000US20","Kansas","7/1/2016 population estimate","2910844"
"0400000US20","Kansas","7/1/2017 population estimate","2908718"
"0400000US20","Kansas","7/1/2018 population estimate","2911359"
"0400000US20","Kansas","7/1/2019 population estimate","2913314"
"0400000US21","Kentucky","4/1/2010 Census population","4339367"
"0400000US21","Kentucky","4/1/2010 population estimates base","4339333"
"0400000US21","Kentucky","7/1/2010 population estimate","4348181"
"0400000US21","Kentucky","7/1/2011 population estimate","4369821"
"0400000US21","Kentucky","7/1/2012 population estimate","4386346"
"0400000US21","Kentucky","7/1/2013 population estimate","4404659"
"0400000US21","Kentucky","7/1/2014 population estimate","4414349"
"0400000US21","Kentucky","7/1/2015 population estimate","4425976"
"0400000US21","Kentucky","7/1/2016 population estimate","4438182"
"0400000US21","Kentucky","7/1/2017 population estimate","4452268"
"0400000US21","Kentucky","7/1/2018 population estimate","4461153"
"0400000US21","Kentucky","7/1/2019 population estimate","4467673"
"0400000US22","Louisiana","4/1/2010 Census population","4533372"
"0400000US22","Louisiana","4/1/2010 population estimates base","4533487"
"0400000US22","Louisiana","7/1/2010 population estimate","4544532"
"0400000US22","Louisiana","7/1/2011 population estimate","4575625"
"0400000US22","Louisiana","7/1/2012 population estimate","4600972"
"0400000US22","Louisiana","7/1/2013 population estimate","4624527"
"0400000US22","Louisiana","7/1/2014 population estimate","4644013"
"0400000US22","Louisiana","7/1/2015 population estimate","4664628"
"0400000US22","Louisiana","7/1/2016 population estimate","4678135"
"0400000US22","Louisiana","7/1/2017 population estimate","4670560"
"0400000US22","Louisiana","7/1/2018 population estimate","4659690"
"0400000US22","Louisiana","7/1/2019 population estimate","4648794"
"0400000US23","Maine","4/1/2010 Census population","1328361"
"0400000US23","Maine","4/1/2010 population estimates base","1328358"
"0400000US23","Maine","7/1/2010 population estimate","1327629"
"0400000US23","Maine","7/1/2011 population estimate","1328284"
"0400000US23","Maine","7/1/2012 population estimate","1327729"
"0400000US23","Maine","7/1/2013 population estimate","1328009"
"0400000US23","Maine","7/1/2014 population estimate","1330513"
"0400000US23","Maine","7/1/2015 population estimate","1328262"
"0400000US23","Maine","7/1/2016 population estimate","1331317"
"0400000US23","Maine","7/1/2017 population estimate","1334612"
"0400000US23","Maine","7/1/2018 population estimate","1339057"
"0400000US23","Maine","7/1/2019 population estimate","1344212"
"0400000US24","Maryland","4/1/2010 Census population","5773552"
"0400000US24","Maryland","4/1/2010 population estimates base","5773794"
"0400000US24","Maryland","7/1/2010 population estimate","5788645"
"0400000US24","Maryland","7/1/2011 population estimate","5839419"
"0400000US24","Maryland","7/1/2012 population estimate","5886992"
"0400000US24","Maryland","7/1/2013 population estimate","5923188"
"0400000US24","Maryland","7/1/2014 population estimate","5957283"
"0400000US24","Maryland","7/1/2015 population estimate","5985562"
"0400000US24","Maryland","7/1/2016 population estimate","6003323"
"0400000US24","Maryland","7/1/2017 population estimate","6023868"
"0400000US24","Maryland","7/1/2018 population estimate","6035802"
"0400000US24","Maryland","7/1/2019 population estimate","6045680"
"0400000US25","Massachusetts","4/1/2010 Census population","6547629"
"0400000US25","Massachusetts","4/1/2010 population estimates base","6547785"
"0400000US25","Massachusetts","7/1/2010 population estimate","6566307"
"0400000US25","Massachusetts","7/1/2011 population estimate","6613583"
"0400000US25","Massachusetts","7/1/2012 population estimate","6663005"
"0400000US25","Massachusetts","7/1/2013 population estimate","6713315"
"0400000US25","Massachusetts","7/1/2014 population estimate","6762596"
"0400000US25","Massachusetts","7/1/2015 population estimate","6794228"
"0400000US25","Massachusetts","7/1/2016 population estimate","6823608"
"0400000US25","Massachusetts","7/1/2017 population estimate","6859789"
"0400000US25","Massachusetts","7/1/2018 population estimate","6882635"
"0400000US25","Massachusetts","7/1/2019 population estimate","6892503"
"0400000US26","Michigan","4/1/2010 Census population","9883640"
"0400000US26","Michigan","4/1/2010 population estimates base","9884116"
"0400000US26","Michigan","7/1/2010 population estimate","9877510"
"0400000US26","Michigan","7/1/2011 population estimate","9882412"
"0400000US26","Michigan","7/1/2012 population estimate","9897145"
"0400000US26","Michigan","7/1/2013 population estimate","9913065"
"0400000US26","Michigan","7/1/2014 population estimate","9929848"
"0400000US26","Michigan","7/1/2015 population estimate","9931715"
"0400000US26","Michigan","7/1/2016 population estimate","9950571"
"0400000US26","Michigan","7/1/2017 population estimate","9973114"
"0400000US26","Michigan","7/1/2018 population estimate","9984072"
"0400000US26","Michigan","7/1/2019 population estimate","9986857"
"0400000US27","Minnesota","4/1/2010 Census population","5303925"
"0400000US27","Minnesota","4/1/2010 population estimates base","5303927"
"0400000US27","Minnesota","7/1/2010 population estimate","5310828"
"0400000US27","Minnesota","7/1/2011 population estimate","5346143"
"0400000US27","Minnesota","7/1/2012 population estimate","5376643"
"0400000US27","Minnesota","7/1/2013 population estimate","5413479"
"0400000US27","Minnesota","7/1/2014 population estimate","5451079"
"0400000US27","Minnesota","7/1/2015 population estimate","5482032"
"0400000US27","Minnesota","7/1/2016 population estimate","5522744"
"0400000US27","Minnesota","7/1/2017 population estimate","5566230"
"0400000US27","Minnesota","7/1/2018 population estimate","5606249"
"0400000US27","Minnesota","7/1/2019 population estimate","5639632"
"0400000US28","Mississippi","4/1/2010 Census population","2967297"
"0400000US28","Mississippi","4/1/2010 population estimates base","2968130"
"0400000US28","Mississippi","7/1/2010 population estimate","2970548"
"0400000US28","Mississippi","7/1/2011 population estimate","2978731"
"0400000US28","Mississippi","7/1/2012 population estimate","2983816"
"0400000US28","Mississippi","7/1/2013 population estimate","2988711"
"0400000US28","Mississippi","7/1/2014 population estimate","2990468"
"0400000US28","Mississippi","7/1/2015 population estimate","2988471"
"0400000US28","Mississippi","7/1/2016 population estimate","2987938"
"0400000US28","Mississippi","7/1/2017 population estimate","2988510"
"0400000US28","Mississippi","7/1/2018 population estimate","2981020"
"0400000US28","Mississippi","7/1/2019 population estimate","2976149"
"0400000US29","Missouri","4/1/2010 Census population","5988927"
"0400000US29","Missouri","4/1/2010 population estimates base","5988950"
"0400000US29","Missouri","7/1/2010 population estimate","5995974"
"0400000US29","Missouri","7/1/2011 population estimate","6010275"
"0400000US29","Missouri","7/1/2012 population estimate","6024367"
"0400000US29","Missouri","7/1/2013 population estimate","6040715"
"0400000US29","Missouri","7/1/2014 population estimate","6056202"
"0400000US29","Missouri","7/1/2015 population estimate","6071732"
"0400000US29","Missouri","7/1/2016 population estimate","6087135"
"0400000US29","Missouri","7/1/2017 population estimate","6106670"
"0400000US29","Missouri","7/1/2018 population estimate","6121623"
"0400000US29","Missouri","7/1/2019 population estimate","6137428"
"0400000US30","Montana","4/1/2010 Census population","989415"
"0400000US30","Montana","4/1/2010 population estimates base","989407"
"0400000US30","Montana","7/1/2010 population estimate","990697"
"0400000US30","Montana","7/1/2011 population estimate","997316"
"0400000US30","Montana","7/1/2012 population estimate","1003783"
"0400000US30","Montana","7/1/2013 population estimate","1013569"
"0400000US30","Montana","7/1/2014 population estimate","1021869"
"0400000US30","Montana","7/1/2015 population estimate","1030475"
"0400000US30","Montana","7/1/2016 population estimate","1040859"
"0400000US30","Montana","7/1/2017 population estimate","1052482"
"0400000US30","Montana","7/1/2018 population estimate","1060665"
"0400000US30","Montana","7/1/2019 population estimate","1068778"
"0400000US31","Nebraska","4/1/2010 Census population","1826341"
"0400000US31","Nebraska","4/1/2010 population estimates base","1826305"
"0400000US31","Nebraska","7/1/2010 population estimate","1829542"
"0400000US31","Nebraska","7/1/2011 population estimate","1840672"
"0400000US31","Nebraska","7/1/2012 population estimate","1853303"
"0400000US31","Nebraska","7/1/2013 population estimate","1865279"
"0400000US31","Nebraska","7/1/2014 population estimate","1879321"
"0400000US31","Nebraska","7/1/2015 population estimate","1891277"
"0400000US31","Nebraska","7/1/2016 population estimate","1905616"
"0400000US31","Nebraska","7/1/2017 population estimate","1915947"
"0400000US31","Nebraska","7/1/2018 population estimate","1925614"
"0400000US31","Nebraska","7/1/2019 population estimate","1934408"
"0400000US32","Nevada","4/1/2010 Census population","2700551"
"0400000US32","Nevada","4/1/2010 population estimates base","2700677"
"0400000US32","Nevada","7/1/2010 population estimate","2702405"
"0400000US32","Nevada","7/1/2011 population estimate","2712730"
"0400000US32","Nevada","7/1/2012 population estimate","2743996"
"0400000US32","Nevada","7/1/2013 population estimate","2775970"
"0400000US32","Nevada","7/1/2014 population estimate","2817628"
"0400000US32","Nevada","7/1/2015 population estimate","2866939"
"0400000US32","Nevada","7/1/2016 population estimate","2917563"
"0400000US32","Nevada","7/1/2017 population estimate","2969905"
"0400000US32","Nevada","7/1/2018 population estimate","3027341"
"0400000US32","Nevada","7/1/2019 population estimate","3080156"
"0400000US33","New Hampshire","4/1/2010 Census population","1316470"
"0400000US33","New Hampshire","4/1/2010 population estimates base","1316462"
"0400000US33","New Hampshire","7/1/2010 population estimate","1316762"
"0400000US33","New Hampshire","7/1/2011 population estimate","1320202"
"0400000US33","New Hampshire","7/1/2012 population estimate","1324232"
"0400000US33","New Hampshire","7/1/2013 population estimate","1326622"
"0400000US33","New Hampshire","7/1/2014 population estimate","1333341"
"0400000US33","New Hampshire","7/1/2015 population estimate","1336350"
"0400000US33","New Hampshire","7/1/2016 population estimate","1342307"
"0400000US33","New Hampshire","7/1/2017 population estimate","1348787"
"0400000US33","New Hampshire","7/1/2018 population estimate","1353465"
"0400000US33","New Hampshire","7/1/2019 population estimate","1359711"
"0400000US34","New Jersey","4/1/2010 Census population","8791894"
"0400000US34","New Jersey","4/1/2010 population estimates base","8791978"
"0400000US34","New Jersey","7/1/2010 population estimate","8799446"
"0400000US34","New Jersey","7/1/2011 population estimate","8828117"
"0400000US34","New Jersey","7/1/2012 population estimate","8844942"
"0400000US34","New Jersey","7/1/2013 population estimate","8856972"
"0400000US34","New Jersey","7/1/2014 population estimate","8864525"
"0400000US34","New Jersey","7/1/2015 population estimate","8867949"
"0400000US34","New Jersey","7/1/2016 population estimate","8870827"
"0400000US34","New Jersey","7/1/2017 population estimate","8885525"
"0400000US34","New Jersey","7/1/2018 population estimate","8886025"
"0400000US34","New Jersey","7/1/2019 population estimate","8882190"
"0400000US35","New Mexico","4/1/2010 Census population","2059179"
"0400000US35","New Mexico","4/1/2010 population estimates base","2059199"
"0400000US35","New Mexico","7/1/2010 population estimate","2064552"
"0400000US35","New Mexico","7/1/2011 population estimate","2080450"
"0400000US35","New Mexico","7/1/2012 population estimate","2087309"
"0400000US35","New Mexico","7/1/2013 population estimate","2092273"
"0400000US35","New Mexico","7/1/2014 population estimate","2089568"
"0400000US35","New Mexico","7/1/2015 population estimate","2089291"
"0400000US35","New Mexico","7/1/2016 population estimate","2091630"
"0400000US35","New Mexico","7/1/2017 population estimate","2091784"
"0400000US35","New Mexico","7/1/2018 population estimate","2092741"
"0400000US35","New Mexico","7/1/2019 population estimate","2096829"
"0400000US36","New York","4/1/2010 Census population","19378102"
"0400000US36","New York","4/1/2010 population estimates base","19378144"
"0400000US36","New York","7/1/2010 population estimate","19399878"
"0400000US36","New York","7/1/2011 population estimate","19499241"
"0400000US36","New York","7/1/2012 population estimate","19572932"
"0400000US36","New York","7/1/2013 population estimate","19624447"
"0400000US36","New York","7/1/2014 population estimate","19651049"
"0400000US36","New York","7/1/2015 population estimate","19654666"
"0400000US36","New York","7/1/2016 population estimate","19633428"
"0400000US36","New York","7/1/2017 population estimate","19589572"
"0400000US36","New York","7/1/2018 population estimate","19530351"
"0400000US36","New York","7/1/2019 population estimate","19453561"
"0400000US37","North Carolina","4/1/2010 Census population","9535483"
"0400000US37","North Carolina","4/1/2010 population estimates base","9535751"
"0400000US37","North Carolina","7/1/2010 population estimate","9574323"
"0400000US37","North Carolina","7/1/2011 population estimate","9657592"
"0400000US37","North Carolina","7/1/2012 population estimate","9749476"
"0400000US37","North Carolina","7/1/2013 population estimate","9843336"
"0400000US37","North Carolina","7/1/2014 population estimate","9932887"
"0400000US37","North Carolina","7/1/2015 population estimate","10031646"
"0400000US37","North Carolina","7/1/2016 population estimate","10154788"
"0400000US37","North Carolina","7/1/2017 population estimate","10268233"
"0400000US37","North Carolina","7/1/2018 population estimate","10381615"
"0400000US37","North Carolina","7/1/2019 population estimate","10488084"
"0400000US38","North Dakota","4/1/2010 Census population","672591"
"0400000US38","North Dakota","4/1/2010 population estimates base","672576"
"0400000US38","North Dakota","7/1/2010 population estimate","674715"
"0400000US38","North Dakota","7/1/2011 population estimate","685225"
"0400000US38","North Dakota","7/1/2012 population estimate","701176"
"0400000US38","North Dakota","7/1/2013 population estimate","722036"
"0400000US38","North Dakota","7/1/2014 population estimate","737401"
"0400000US38","North Dakota","7/1/2015 population estimate","754066"
"0400000US38","North Dakota","7/1/2016 population estimate","754434"
"0400000US38","North Dakota","7/1/2017 population estimate","754942"
"0400000US38","North Dakota","7/1/2018 population estimate","758080"
"0400000US38","North Dakota","7/1/2019 population estimate","762062"
"0400000US39","Ohio","4/1/2010 Census population","11536504"
"0400000US39","Ohio","4/1/2010 population estimates base","11536751"
"0400000US39","Ohio","7/1/2010 population estimate","11539336"
"0400000US39","Ohio","7/1/2011 population estimate","11544663"
"0400000US39","Ohio","7/1/2012 population estimate","11548923"
"0400000US39","Ohio","7/1/2013 population estimate","11576684"
"0400000US39","Ohio","7/1/2014 population estimate","11602700"
"0400000US39","Ohio","7/1/2015 population estimate","11617527"
"0400000US39","Ohio","7/1/2016 population estimate","11634370"
"0400000US39","Ohio","7/1/2017 population estimate","11659650"
"0400000US39","Ohio","7/1/2018 population estimate","11676341"
"0400000US39","Ohio","7/1/2019 population estimate","11689100"
"0400000US40","Oklahoma","4/1/2010 Census population","3751351"
"0400000US40","Oklahoma","4/1/2010 population estimates base","3751582"
"0400000US40","Oklahoma","7/1/2010 population estimate","3759944"
"0400000US40","Oklahoma","7/1/2011 population estimate","3788379"
"0400000US40","Oklahoma","7/1/2012 population estimate","3818814"
"0400000US40","Oklahoma","7/1/2013 population estimate","3853214"
"0400000US40","Oklahoma","7/1/2014 population estimate","3878187"
"0400000US40","Oklahoma","7/1/2015 population estimate","3909500"
"0400000US40","Oklahoma","7/1/2016 population estimate","3926331"
"0400000US40","Oklahoma","7/1/2017 population estimate","3931316"
"0400000US40","Oklahoma","7/1/2018 population estimate","3940235"
"0400000US40","Oklahoma","7/1/2019 population estimate","3956971"
"0400000US41","Oregon","4/1/2010 Census population","3831074"
"0400000US41","Oregon","4/1/2010 population estimates base","3831079"
"0400000US41","Oregon","7/1/2010 population estimate","3837491"
"0400000US41","Oregon","7/1/2011 population estimate","3872036"
"0400000US41","Oregon","7/1/2012 population estimate","3899001"
"0400000US41","Oregon","7/1/2013 population estimate","3922468"
"0400000US41","Oregon","7/1/2014 population estimate","3963244"
"0400000US41","Oregon","7/1/2015 population estimate","4015792"
"0400000US41","Oregon","7/1/2016 population estimate","4089976"
"0400000US41","Oregon","7/1/2017 population estimate","4143625"
"0400000US41","Oregon","7/1/2018 population estimate","4181886"
"0400000US41","Oregon","7/1/2019 population estimate","4217737"
"0400000US42","Pennsylvania","4/1/2010 Census population","12702379"
"0400000US42","Pennsylvania","4/1/2010 population estimates base","12702868"
"0400000US42","Pennsylvania","7/1/2010 population estimate","12711160"
"0400000US42","Pennsylvania","7/1/2011 population estimate","12745815"
"0400000US42","Pennsylvania","7/1/2012 population estimate","12767118"
"0400000US42","Pennsylvania","7/1/2013 population estimate","12776309"
"0400000US42","Pennsylvania","7/1/2014 population estimate","12788313"
"0400000US42","Pennsylvania","7/1/2015 population estimate","12784826"
"0400000US42","Pennsylvania","7/1/2016 population estimate","12782275"
"0400000US42","Pennsylvania","7/1/2017 population estimate","12787641"
"0400000US42","Pennsylvania","7/1/2018 population estimate","12800922"
"0400000US42","Pennsylvania","7/1/2019 population estimate","12801989"
"0400000US44","Rhode Island","4/1/2010 Census population","1052567"
"0400000US44","Rhode Island","4/1/2010 population estimates base","1052964"
"0400000US44","Rhode Island","7/1/2010 population estimate","1053959"
"0400000US44","Rhode Island","7/1/2011 population estimate","1053649"
"0400000US44","Rhode Island","7/1/2012 population estimate","1054621"
"0400000US44","Rhode Island","7/1/2013 population estimate","1055081"
"0400000US44","Rhode Island","7/1/2014 population estimate","1055936"
"0400000US44","Rhode Island","7/1/2015 population estimate","1056065"
"0400000US44","Rhode Island","7/1/2016 population estimate","1056770"
"0400000US44","Rhode Island","7/1/2017 population estimate","1055673"
"0400000US44","Rhode Island","7/1/2018 population estimate","1058287"
"0400000US44","Rhode Island","7/1/2019 population estimate","1059361"
"0400000US45","South Carolina","4/1/2010 Census population","4625364"
"0400000US45","South Carolina","4/1/2010 population estimates base","4625366"
"0400000US45","South Carolina","7/1/2010 population estimate","4635649"
"0400000US45","South Carolina","7/1/2011 population estimate","4671994"
"0400000US45","South Carolina","7/1/2012 population estimate","4717354"
"0400000US45","South Carolina","7/1/2013 population estimate","4764080"
"0400000US45","South Carolina","7/1/2014 population estimate","4823617"
"0400000US45","South Carolina","7/1/2015 population estimate","4891938"
"0400000US45","South Carolina","7/1/2016 population estimate","4957968"
"0400000US45","South Carolina","7/1/2017 population estimate","5021268"
"0400000US45","South Carolina","7/1/2018 population estimate","5084156"
"0400000US45","South Carolina","7/1/2019 population estimate","5148714"
"0400000US46","South Dakota","4/1/2010 Census population","814180"
"0400000US46","South Dakota","4/1/2010 population estimates base","814198"
"0400000US46","South Dakota","7/1/2010 population estimate","816166"
"0400000US46","South Dakota","7/1/2011 population estimate","823579"
"0400000US46","South Dakota","7/1/2012 population estimate","833566"
"0400000US46","South Dakota","7/1/2013 population estimate","842316"
"0400000US46","South Dakota","7/1/2014 population estimate","849129"
"0400000US46","South Dakota","7/1/2015 population estimate","853988"
"0400000US46","South Dakota","7/1/2016 population estimate","862996"
"0400000US46","South Dakota","7/1/2017 population estimate","872868"
"0400000US46","South Dakota","7/1/2018 population estimate","878698"
"0400000US46","South Dakota","7/1/2019 population estimate","884659"
"0400000US47","Tennessee","4/1/2010 Census population","6346105"
"0400000US47","Tennessee","4/1/2010 population estimates base","6346276"
"0400000US47","Tennessee","7/1/2010 population estimate","6355311"
"0400000US47","Tennessee","7/1/2011 population estimate","6399291"
"0400000US47","Tennessee","7/1/2012 population estimate","6453898"
"0400000US47","Tennessee","7/1/2013 population estimate","6494340"
"0400000US47","Tennessee","7/1/2014 population estimate","6541223"
"0400000US47","Tennessee","7/1/2015 population estimate","6591170"
"0400000US47","Tennessee","7/1/2016 population estimate","6646010"
"0400000US47","Tennessee","7/1/2017 population estimate","6708799"
"0400000US47","Tennessee","7/1/2018 population estimate","6771631"
"0400000US47","Tennessee","7/1/2019 population estimate","6829174"
"0400000US48","Texas","4/1/2010 Census population","25145561"
"0400000US48","Texas","4/1/2010 population estimates base","25146091"
"0400000US48","Texas","7/1/2010 population estimate","25241971"
"0400000US48","Texas","7/1/2011 population estimate","25645629"
"0400000US48","Texas","7/1/2012 population estimate","26084481"
"0400000US48","Texas","7/1/2013 population estimate","26480266"
"0400000US48","Texas","7/1/2014 population estimate","26964333"
"0400000US48","Texas","7/1/2015 population estimate","27470056"
"0400000US48","Texas","7/1/2016 population estimate","27914410"
"0400000US48","Texas","7/1/2017 population estimate","28295273"
"0400000US48","Texas","7/1/2018 population estimate","28628666"
"0400000US48","Texas","7/1/2019 population estimate","28995881"
"0400000US49","Utah","4/1/2010 Census population","2763885"
"0400000US49","Utah","4/1/2010 population estimates base","2763891"
"0400000US49","Utah","7/1/2010 population estimate","2775332"
"0400000US49","Utah","7/1/2011 population estimate","2814384"
"0400000US49","Utah","7/1/2012 population estimate","2853375"
"0400000US49","Utah","7/1/2013 population estimate","2897640"
"0400000US49","Utah","7/1/2014 population estimate","2936879"
"0400000US49","Utah","7/1/2015 population estimate","2981835"
"0400000US49","Utah","7/1/2016 population estimate","3041868"
"0400000US49","Utah","7/1/2017 population estimate","3101042"
"0400000US49","Utah","7/1/2018 population estimate","3153550"
"0400000US49","Utah","7/1/2019 population estimate","3205958"
"0400000US50","Vermont","4/1/2010 Census population","625741"
"0400000US50","Vermont","4/1/2010 population estimates base","625737"
"0400000US50","Vermont","7/1/2010 population estimate","625879"
"0400000US50","Vermont","7/1/2011 population estimate","627049"
"0400000US50","Vermont","7/1/2012 population estimate","626090"
"0400000US50","Vermont","7/1/2013 population estimate","626210"
"0400000US50","Vermont","7/1/2014 population estimate","625214"
"0400000US50","Vermont","7/1/2015 population estimate","625216"
"0400000US50","Vermont","7/1/2016 population estimate","623657"
"0400000US50","Vermont","7/1/2017 population estimate","624344"
"0400000US50","Vermont","7/1/2018 population estimate","624358"
"0400000US50","Vermont","7/1/2019 population estimate","623989"
"0400000US51","Virginia","4/1/2010 Census population","8001024"
"0400000US51","Virginia","4/1/2010 population estimates base","8001049"
"0400000US51","Virginia","7/1/2010 population estimate","8023699"
"0400000US51","Virginia","7/1/2011 population estimate","8101155"
"0400000US51","Virginia","7/1/2012 population estimate","8185080"
"0400000US51","Virginia","7/1/2013 population estimate","8252427"
"0400000US51","Virginia","7/1/2014 population estimate","8310993"
"0400000US51","Virginia","7/1/2015 population estimate","8361808"
"0400000US51","Virginia","7/1/2016 population estimate","8410106"
"0400000US51","Virginia","7/1/2017 population estimate","8463587"
"0400000US51","Virginia","7/1/2018 population estimate","8501286"
"0400000US51","Virginia","7/1/2019 population estimate","8535519"
"0400000US53","Washington","4/1/2010 Census population","6724540"
"0400000US53","Washington","4/1/2010 population estimates base","6724540"
"0400000US53","Washington","7/1/2010 population estimate","6742830"
"0400000US53","Washington","7/1/2011 population estimate","6826627"
"0400000US53","Washington","7/1/2012 population estimate","6897058"
"0400000US53","Washington","7/1/2013 population estimate","6963985"
"0400000US53","Washington","7/1/2014 population estimate","7054655"
"0400000US53","Washington","7/1/2015 population estimate","7163657"
"0400000US53","Washington","7/1/2016 population estimate","7294771"
"0400000US53","Washington","7/1/2017 population estimate","7423362"
"0400000US53","Washington","7/1/2018 population estimate","7523869"
"0400000US53","Washington","7/1/2019 population estimate","7614893"
"0400000US54","West Virginia","4/1/2010 Census population","1852994"
"0400000US54","West Virginia","4/1/2010 population estimates base","1853018"
"0400000US54","West Virginia","7/1/2010 population estimate","1854239"
"0400000US54","West Virginia","7/1/2011 population estimate","1856301"
"0400000US54","West Virginia","7/1/2012 population estimate","1856872"
"0400000US54","West Virginia","7/1/2013 population estimate","1853914"
"0400000US54","West Virginia","7/1/2014 population estimate","1849489"
"0400000US54","West Virginia","7/1/2015 population estimate","1842050"
"0400000US54","West Virginia","7/1/2016 population estimate","1831023"
"0400000US54","West Virginia","7/1/2017 population estimate","1817004"
"0400000US54","West Virginia","7/1/2018 population estimate","1804291"
"0400000US54","West Virginia","7/1/2019 population estimate","1792147"
"0400000US55","Wisconsin","4/1/2010 Census population","5686986"
"0400000US55","Wisconsin","4/1/2010 population estimates base","5687285"
"0400000US55","Wisconsin","7/1/2010 population estimate","5690475"
"0400000US55","Wisconsin","7/1/2011 population estimate","5705288"
"0400000US55","Wisconsin","7/1/2012 population estimate","5719960"
"0400000US55","Wisconsin","7/1/2013 population estimate","5736754"
"0400000US55","Wisconsin","7/1/2014 population estimate","5751525"
"0400000US55","Wisconsin","7/1/2015 population estimate","5760940"
"0400000US55","Wisconsin","7/1/2016 population estimate","5772628"
"0400000US55","Wisconsin","7/1/2017 population estimate","5790186"
"0400000US55","Wisconsin","7/1/2018 population estimate","5807406"
"0400000US55","Wisconsin","7/1/2019 population estimate","5822434"
"0400000US56","Wyoming","4/1/2010 Census population","563626"
"0400000US56","Wyoming","4/1/2010 population estimates base","563775"
"0400000US56","Wyoming","7/1/2010 population estimate","564487"
"0400000US56","Wyoming","7/1/2011 population estimate","567299"
"0400000US56","Wyoming","7/1/2012 population estimate","576305"
"0400000US56","Wyoming","7/1/2013 population estimate","582122"
"0400000US56","Wyoming","7/1/2014 population estimate","582531"
"0400000US56","Wyoming","7/1/2015 population estimate","585613"
"0400000US56","Wyoming","7/1/2016 population estimate","584215"
"0400000US56","Wyoming","7/1/2017 population estimate","578931"
"0400000US56","Wyoming","7/1/2018 population estimate","577601"
"0400000US56","Wyoming","7/1/2019 population estimate","578759"
"0400000US72","Puerto Rico","4/1/2010 Census population","3725789"
"0400000US72","Puerto Rico","4/1/2010 population estimates base","3726157"
"0400000US72","Puerto Rico","7/1/2010 population estimate","3721525"
"0400000US72","Puerto Rico","7/1/2011 population estimate","3678732"
"0400000US72","Puerto Rico","7/1/2012 population estimate","3634488"
"0400000US72","Puerto Rico","7/1/2013 population estimate","3593077"
"0400000US72","Puerto Rico","7/1/2014 population estimate","3534874"
"0400000US72","Puerto Rico","7/1/2015 population estimate","3473232"
"0400000US72","Puerto Rico","7/1/2016 population estimate","3406672"
"0400000US72","Puerto Rico","7/1/2017 population estimate","3325286"
"0400000US72","Puerto Rico","7/1/2018 population estimate","3193354"
"0400000US72","Puerto Rico","7/1/2019 population estimate","3193694"
"0100000US","United States","4/1/2010 Census population","308745538"
"0100000US","United States","4/1/2010 population estimates base","308758105"
"0100000US","United States","7/1/2010 population estimate","309321666"
"0100000US","United States","7/1/2011 population estimate","311556874"
"0100000US","United States","7/1/2012 population estimate","313830990"
"0100000US","United States","7/1/2013 population estimate","315993715"
"0100000US","United States","7/1/2014 population estimate","318301008"
"0100000US","United States","7/1/2015 population estimate","320635163"
"0100000US","United States","7/1/2016 population estimate","322941311"
"0100000US","United States","7/1/2017 population estimate","324985539"
"0100000US","United States","7/1/2018 population estimate","326687501"
"0100000US","United States","7/1/2019 population estimate","328239523"
